left_wrist_angle,right_wrist_angle,left_elbow_angle,right_elbow_angle,left_shoulder_angle,right_shoulder_angle,left_knee_angle,right_knee_angle,left_ankle_angle,right_ankle_angle,left_hip_angle,right_hip_angle,name_yoga
166.26958690369878,184.24308610346824,165.40855854104643,187.88130634371524,85.59642181174814,103.07545366469145,183.72434862979034,123.22920230412996,195.50979862972324,210.91879184827351,128.00795863903087,143.91284405741263,Warrior
206.3549108010468,179.1524033955664,198.75627441889128,202.68498811874582,200.98792781933972,155.7021684380784,37.04651637081868,48.37826526580991,97.22677257442162,108.73072845464928,103.61835294566191,78.07884532821494,child pose
214.4875528320096,224.32785013470945,186.81381655744153,183.22571861678,177.12660885241797,183.94841893889608,178.00326539012008,176.3144707077783,229.31063813808103,229.07637991532786,75.66427289832765,104.78444752239797,pose 3
